Timestamp,site_load,wholesale_price,solar_generation
1/6/2023 0:05,26,88,0
1/6/2023 0:10,23,88,0
1/6/2023 0:15,20,88,0
1/6/2023 0:20,19,87,0
1/6/2023 0:25,21,88,0
1/6/2023 0:30,21,87,0
1/6/2023 0:35,20,87,0
1/6/2023 0:40,20,87,0
1/6/2023 0:45,18,86,0
1/6/2023 0:50,21,87,0
1/6/2023 0:55,25,87,0
1/6/2023 1:00,24,85,0
1/6/2023 1:05,23,86,0
1/6/2023 1:10,24,86,0
1/6/2023 1:15,26,84,0
1/6/2023 1:20,24,84,0
1/6/2023 1:25,22,85,0
1/6/2023 1:30,21,85,0
1/6/2023 1:35,18,85,0
1/6/2023 1:40,18,84,0
1/6/2023 1:45,29,84,0
1/6/2023 1:50,34,83,0
1/6/2023 1:55,35,83,0
1/6/2023 2:00,32,82,0
1/6/2023 2:05,32,83,0
1/6/2023 2:10,32,83,0
1/6/2023 2:15,30,65,0
1/6/2023 2:20,31,65,0
1/6/2023 2:25,31,82,0
1/6/2023 2:30,31,82,0
1/6/2023 2:35,33,82,0
1/6/2023 2:40,33,80,0
1/6/2023 2:45,33,65,0
1/6/2023 2:50,29,65,0
1/6/2023 2:55,31,65,0
1/6/2023 3:00,30,80,0
1/6/2023 3:05,33,81,0
1/6/2023 3:10,26,56,0
1/6/2023 3:15,25,65,0
1/6/2023 3:20,27,78,0
1/6/2023 3:25,22,81,0
1/6/2023 3:30,28,80,0
1/6/2023 3:35,30,80,0
1/6/2023 3:40,33,65,0
1/6/2023 3:45,28,81,0
1/6/2023 3:50,31,65,0
1/6/2023 3:55,34,80,0
1/6/2023 4:00,32,81,0
1/6/2023 4:05,33,1,0
1/6/2023 4:10,33,30,0
1/6/2023 4:15,40,40,0
1/6/2023 4:20,35,43,0
1/6/2023 4:25,35,47,0
1/6/2023 4:30,30,35,0
1/6/2023 4:35,29,34,0
1/6/2023 4:40,33,34,0
1/6/2023 4:45,31,34,0
1/6/2023 4:50,29,47,0
1/6/2023 4:55,36,47,0
1/6/2023 5:00,30,55,0
1/6/2023 5:05,32,53,0
1/6/2023 5:10,31,60,0
1/6/2023 5:15,33,63,0
1/6/2023 5:20,30,65,0
1/6/2023 5:25,31,65,0
1/6/2023 5:30,28,82,0
1/6/2023 5:35,29,67,0
1/6/2023 5:40,32,84,0
1/6/2023 5:45,32,85,0
1/6/2023 5:50,39,84,0
1/6/2023 5:55,42,85,0
1/6/2023 6:00,33,85,0
1/6/2023 6:05,29,82,0
1/6/2023 6:10,24,91,0
1/6/2023 6:15,25,112,0
1/6/2023 6:20,35,114,0
1/6/2023 6:25,33,114,0
1/6/2023 6:30,33,113,0
1/6/2023 6:35,33,105,0
1/6/2023 6:40,35,115,0
1/6/2023 6:45,32,141,0
1/6/2023 6:50,23,144,0
1/6/2023 6:55,25,117,0
1/6/2023 7:00,25,141,0
1/6/2023 7:05,28,144,0
1/6/2023 7:10,26,138,0
1/6/2023 7:15,22,115,0
1/6/2023 7:20,29,112,0
1/6/2023 7:25,30,105,0
1/6/2023 7:30,28,104,0
1/6/2023 7:35,18,105,0
1/6/2023 7:40,31,99,1
1/6/2023 7:45,30,97,1
1/6/2023 7:50,24,87,1
1/6/2023 7:55,27,78,1
1/6/2023 8:00,33,70,1
1/6/2023 8:05,28,73,2
1/6/2023 8:10,25,70,3
1/6/2023 8:15,31,70,3
1/6/2023 8:20,26,36,3
1/6/2023 8:25,29,45,3
1/6/2023 8:30,26,45,6
1/6/2023 8:35,27,41,7
1/6/2023 8:40,27,20,7
1/6/2023 8:45,26,45,8
1/6/2023 8:50,34,19,9
1/6/2023 8:55,40,19,9
1/6/2023 9:00,50,23,11
1/6/2023 9:05,48,24,11
1/6/2023 9:10,44,24,13
1/6/2023 9:15,43,12,14
1/6/2023 9:20,43,0,15
1/6/2023 9:25,37,19,15
1/6/2023 9:30,41,19,17
1/6/2023 9:35,39,15,17
1/6/2023 9:40,33,55,18
1/6/2023 9:45,32,55,19
1/6/2023 9:50,41,31,18
1/6/2023 9:55,40,-2,21
1/6/2023 10:00,37,-2,23
1/6/2023 10:05,45,0,22
1/6/2023 10:10,41,23,26
1/6/2023 10:15,34,19,26
1/6/2023 10:20,33,23,10
1/6/2023 10:25,39,1,12
1/6/2023 10:30,31,0,14
1/6/2023 10:35,37,-2,25
1/6/2023 10:40,31,19,31
1/6/2023 10:45,46,3,32
1/6/2023 10:50,37,7,33
1/6/2023 10:55,45,17,32
1/6/2023 11:00,35,31,34
1/6/2023 11:05,41,19,34
1/6/2023 11:10,42,8,36
1/6/2023 11:15,38,40,35
1/6/2023 11:20,33,19,37
1/6/2023 11:25,34,19,40
1/6/2023 11:30,32,19,17
1/6/2023 11:35,29,20,19
1/6/2023 11:40,30,41,16
1/6/2023 11:45,27,55,14
1/6/2023 11:50,32,19,21
1/6/2023 11:55,33,21,46
1/6/2023 12:00,37,19,18
1/6/2023 12:05,30,12,34
1/6/2023 12:10,38,43,39
1/6/2023 12:15,34,23,16
1/6/2023 12:20,30,0,18
1/6/2023 12:25,38,23,16
1/6/2023 12:30,32,8,16
1/6/2023 12:35,51,1,16
1/6/2023 12:40,49,18,17
1/6/2023 12:45,44,19,15
1/6/2023 12:50,29,18,16
1/6/2023 12:55,33,9,16
1/6/2023 13:00,42,19,16
1/6/2023 13:05,35,19,46
1/6/2023 13:10,25,55,35
1/6/2023 13:15,33,57,16
1/6/2023 13:20,32,37,16
1/6/2023 13:25,37,48,18
1/6/2023 13:30,38,19,16
1/6/2023 13:35,30,55,14
1/6/2023 13:40,32,47,18
1/6/2023 13:45,32,31,16
1/6/2023 13:50,36,53,36
1/6/2023 13:55,37,43,37
1/6/2023 14:00,29,53,14
1/6/2023 14:05,40,0,14
1/6/2023 14:10,39,32,15
1/6/2023 14:15,35,54,14
1/6/2023 14:20,29,47,14
1/6/2023 14:25,30,52,11
1/6/2023 14:30,31,65,16
1/6/2023 14:35,31,55,29
1/6/2023 14:40,30,47,27
1/6/2023 14:45,24,55,18
1/6/2023 14:50,27,69,22
1/6/2023 14:55,41,65,15
1/6/2023 15:00,27,55,11
1/6/2023 15:05,21,54,9
1/6/2023 15:10,22,59,9
1/6/2023 15:15,26,71,9
1/6/2023 15:20,24,70,9
1/6/2023 15:25,26,71,14
1/6/2023 15:30,36,82,9
1/6/2023 15:35,31,29,15
1/6/2023 15:40,32,51,14
1/6/2023 15:45,33,65,6
1/6/2023 15:50,31,72,4
1/6/2023 15:54,25,,4
1/6/2023 15:55,,99.96,0
1/6/2023 16:00,33.51295313,113.13402,8
1/6/2023 16:05,38.50306152,110.04,8
1/6/2023 16:10,28.074625,109.8,7
1/6/2023 16:15,27.95242188,145.01,6
1/6/2023 16:20,27.48559668,251.51,5
1/6/2023 16:25,33.15586133,255.05,4
1/6/2023 16:30,28.01667627,276.054,3
1/6/2023 16:35,27.17431152,127.42,2
1/6/2023 16:40,24.36982251,145.01,2
1/6/2023 16:45,27.01688818,169.7,2
1/6/2023 16:50,32.22463086,253.27358,1
1/6/2023 16:55,24.29363037,264.08,1
1/6/2023 17:00,23.74067969,147.04,0
1/6/2023 17:05,28.90933887,174.08392,0
1/6/2023 17:10,28.77717139,260.43,0
1/6/2023 17:15,37.35815137,264.07,0
1/6/2023 17:20,23.00934131,267.77,0
1/6/2023 17:25,24.22288867,273.38133,0
1/6/2023 17:30,31.21065967,277.18166,0
1/6/2023 17:35,28.83374512,293.54,0
1/6/2023 17:40,27.38725146,290.9711,0
1/6/2023 17:45,31.01387158,312.98125,0
1/6/2023 17:50,31.54030322,286.79336,0
1/6/2023 17:55,31.33055713,309.05157,0
1/6/2023 18:00,28.25554541,314.62,0
1/6/2023 18:05,26.94953369,275.28,0
1/6/2023 18:10,26.15929102,273.38133,0
1/6/2023 18:15,26.79927881,277.18166,0
1/6/2023 18:20,26.25493115,279.1,0
1/6/2023 18:25,33.15783154,275.28,0
1/6/2023 18:30,27.70842871,275.28,0
1/6/2023 18:35,31.32327832,273.38133,0
1/6/2023 18:40,31.36704785,273.38133,0
1/6/2023 18:45,29.44837158,271.5,0
1/6/2023 18:50,30.87114502,271.5,0
1/6/2023 18:55,28.90965845,269.63,0
1/6/2023 19:00,26.32003516,267.77,0
1/6/2023 19:05,38.36021484,267.77,0
1/6/2023 19:10,33.36064258,214.98,0
1/6/2023 19:15,44.54939648,214.98,0
1/6/2023 19:20,41.98890234,258.62,0
1/6/2023 19:25,40.19455371,258.62,0
1/6/2023 19:30,36.80365527,218.6,0
1/6/2023 19:35,29.34989258,265.91,0
1/6/2023 19:40,23.96095654,262.24209,0
1/6/2023 19:45,27.95280908,260.43,0
1/6/2023 19:50,30.20010596,267.77,0
1/6/2023 19:55,30.53645117,265.91,0
1/6/2023 20:00,31.16621533,265.91,0
1/6/2023 20:05,26.25836377,262.24209,0
1/6/2023 20:10,27.16681201,248.01,0
1/6/2023 20:15,28.07697803,256.82425,0
1/6/2023 20:20,28.0707207,256.82425,0
1/6/2023 20:25,25.90233008,256.82425,0
1/6/2023 20:30,30.8675293,239.98,0
1/6/2023 20:35,34.16837744,256.83282,0
1/6/2023 20:40,26.76884033,255.04,0
1/6/2023 20:45,33.35553613,243.68242,0
1/6/2023 20:50,23.77983813,239.98,0
1/6/2023 20:55,26.68969385,216.85,0
1/6/2023 21:00,32.26353418,239.98,0
1/6/2023 21:05,26.1705708,239.98,0
1/6/2023 21:10,33.20148242,255.04,0
1/6/2023 21:15,40.31615723,239.98,0
1/6/2023 21:20,30.71318555,195.59,0
1/6/2023 21:25,30.71593457,193.53,0
1/6/2023 21:30,33.88300488,198.51,0
1/6/2023 21:35,29.80935791,193.53,0
1/6/2023 21:40,30.76237109,192.5,0
1/6/2023 21:45,28.9619834,145.01,0
1/6/2023 21:50,35.02123096,231.04081,0
1/6/2023 21:55,26.0392207,140.6,0
1/6/2023 22:00,25.58851758,141.1,0
1/6/2023 22:05,22.0583042,145.01,0
1/6/2023 22:10,29.46948486,249.76,0
1/6/2023 22:15,34.22942334,246.01047,0
1/6/2023 22:20,31.45508203,194.01004,0
1/6/2023 22:25,31.57812256,235.26,0
1/6/2023 22:30,25.5148833,139.01005,0
1/6/2023 22:35,28.00216943,239.29,0
1/6/2023 22:40,27.04609229,169.30166,0
1/6/2023 22:45,28.82302075,145.01,0
1/6/2023 22:50,23.99866797,238.01234,0
1/6/2023 22:55,21.00056396,249.23295,0
1/6/2023 23:00,22.006573,155.9105,0
1/6/2023 23:05,30.87900293,160.90074,0
1/6/2023 23:10,23.01658594,149.1,0
1/6/2023 23:15,23.1753501,188.96,0
1/6/2023 23:20,22.27184277,160.85096,0
1/6/2023 23:25,25.87999609,147.74354,0
1/6/2023 23:30,28.67214453,183.37,0
1/6/2023 23:35,28.54167627,149.71,0
1/6/2023 23:40,25.04235669,212.07,0
1/6/2023 23:45,33.79068945,154.71022,0
1/6/2023 23:50,29.43392529,179.55,0
1/6/2023 23:55,25.50913574,151.04,0
2/6/2023 0:00,33.55004688,119.08,0
2/6/2023 0:05,29.3528999,150.47365,0
2/6/2023 0:10,32.89975586,114.40368,0
2/6/2023 0:15,24.47234155,124.97,0
2/6/2023 0:20,24.78198242,124.10123,0
2/6/2023 0:25,24.82161182,124.97,0
2/6/2023 0:30,25.1591228,123.24155,0
2/6/2023 0:35,24.68278125,123.24155,0
2/6/2023 0:40,22.81468945,115.55,0
2/6/2023 0:45,23.59604736,124.10123,0
2/6/2023 0:50,32.41231445,124.97,0
2/6/2023 0:55,40.54853906,138.04,0
2/6/2023 1:00,32.72677686,119.62187,0
2/6/2023 1:05,35.26413965,118.79405,0
2/6/2023 1:10,32.79141602,118.79405,0
2/6/2023 1:15,35.78528271,121.58471,0
2/6/2023 1:20,31.96856738,123.58419,0
2/6/2023 1:25,32.57207617,121.05107,0
2/6/2023 1:30,31.38745947,108.90411,0
2/6/2023 1:35,28.74019092,128.58218,0
2/6/2023 1:40,27.87793799,164.6,0
2/6/2023 1:45,27.53666211,137.86,0
2/6/2023 1:50,29.35947168,130.26482,0
2/6/2023 1:55,28.84429248,129.37,0
2/6/2023 2:00,32.68684424,114.04,0
2/6/2023 2:05,32.69106445,111.96,0
2/6/2023 2:10,24.46814697,110.75,0
2/6/2023 2:15,27.8335564,109.19,0
2/6/2023 2:20,26.89481055,111.96,0
2/6/2023 2:25,27.35311328,111.96,0
2/6/2023 2:30,25.79263843,111.96,0
2/6/2023 2:35,32.94140771,112.65164,0
2/6/2023 2:40,33.19491357,111.96,0
2/6/2023 2:45,34.50355225,112.73354,0
2/6/2023 2:50,31.39096729,112.73354,0
2/6/2023 2:55,34.36996387,112.73354,0
2/6/2023 3:00,27.91529541,112.73354,0
2/6/2023 3:05,29.83559961,111.5,0
2/6/2023 3:10,32.6662207,112.73354,0
2/6/2023 3:15,32.15943359,112.65164,0
2/6/2023 3:20,31.50496191,111.96,0
2/6/2023 3:25,32.28302441,113.51342,0
2/6/2023 3:30,23.79592383,110.75002,0
2/6/2023 3:35,24.6519165,97.52109,0
2/6/2023 3:40,28.2748501,113.51342,0
2/6/2023 3:45,30.22479688,113.51342,0
2/6/2023 3:50,31.06896826,112.73354,0
2/6/2023 3:55,29.21200146,110.75,0
2/6/2023 4:00,26.00393994,132.53,0
2/6/2023 4:05,30.87398486,115.20493,0
2/6/2023 4:10,35.81571777,115.88186,0
2/6/2023 4:15,41.08051074,115.88186,0
2/6/2023 4:20,37.03531445,115.88186,0
2/6/2023 4:25,31.90239502,115.09,0
2/6/2023 4:30,34.33881592,114.3,0
2/6/2023 4:35,30.19557178,115.09,0
2/6/2023 4:40,32.71406885,117.49,0
2/6/2023 4:45,31.55181934,117.49,0
2/6/2023 4:50,33.55629834,112.07327,0
2/6/2023 4:55,40.62212598,136.7,0
2/6/2023 5:00,43.04654004,116.68108,0
2/6/2023 5:05,36.40504395,115.09,0
2/6/2023 5:10,34.46246875,115.88186,0
2/6/2023 5:15,34.38748633,115.20493,0
2/6/2023 5:20,30.86724902,116.68108,0
2/6/2023 5:25,36.5265625,123.59,0
2/6/2023 5:30,28.33214697,139.01,0
2/6/2023 5:35,34.63618652,115.90085,0
2/6/2023 5:40,47.0723457,150.95041,0
2/6/2023 5:45,28.75257666,151.99225,0
2/6/2023 5:50,29.62663965,149.91493,0
2/6/2023 5:55,33.06419971,131.17,0
2/6/2023 6:00,36.73053613,139.01016,0
2/6/2023 6:05,32.95137695,110.44015,0
2/6/2023 6:10,32.16179785,139.01,0
2/6/2023 6:15,32.487375,167.32264,0
2/6/2023 6:20,26.64786914,271.5,0
2/6/2023 6:25,33.44020508,261.2,0
2/6/2023 6:30,33.58340625,269.63,0
2/6/2023 6:35,38.13627637,209.32,0
2/6/2023 6:40,39.50158789,273.37222,0
2/6/2023 6:45,28.24764307,271.5,0
2/6/2023 6:50,28.0187583,275.28,0
2/6/2023 6:55,36.78107617,273.38133,0
2/6/2023 7:00,45.80080176,87.47,0
2/6/2023 7:05,33.10305957,87.47,0
2/6/2023 7:10,37.6002041,87.47,0
2/6/2023 7:15,35.32459863,85.58387,0
2/6/2023 7:20,42.56917285,111.96,0
2/6/2023 7:25,32.27107031,109.6608,0
2/6/2023 7:30,37.44370703,110.9,0
2/6/2023 7:35,33.40736426,224.76,1
2/6/2023 7:40,33.65554395,239.15,1
2/6/2023 7:45,34.3999707,224.42278,2
2/6/2023 7:50,40.63843262,167.68,2
2/6/2023 7:55,29.57446094,145.01,2
2/6/2023 8:00,30.47679932,46.49,2
2/6/2023 8:05,30.33495264,90.75003,2
2/6/2023 8:10,24.85410205,71.31174,3
2/6/2023 8:15,26.16305469,70.44409,3
2/6/2023 8:20,36.51238477,64.75003,4
2/6/2023 8:25,30.13948926,64.75003,5
2/6/2023 8:30,40.42364258,37.32,8
2/6/2023 8:35,28.89142529,46.75003,7
2/6/2023 8:40,26.42494287,55,7
2/6/2023 8:45,28.78324463,42.62,6
2/6/2023 8:50,32.24485986,46.75003,10
2/6/2023 8:55,36.57762402,30.55,12
2/6/2023 9:00,36.59332715,-2.01,15
2/6/2023 9:05,36.96873242,-30,18
2/6/2023 9:10,33.07182031,26.62,21
2/6/2023 9:15,39.75722656,18.84,22
2/6/2023 9:20,39.53386328,22.55,21
2/6/2023 9:25,35.15650195,-2.01,15
2/6/2023 9:30,36.03286426,18.84,14
2/6/2023 9:35,28.57226514,-2.01,12
2/6/2023 9:40,36.3533042,-2.01,12
2/6/2023 9:45,30.87600146,-13.91,13
2/6/2023 9:50,36.9417832,-13.91,13
2/6/2023 9:55,28.64222705,-13.91,13
2/6/2023 10:00,30.97344873,-13.91,15
2/6/2023 10:05,41.00289648,-13.91,17
2/6/2023 10:10,31.58393311,-13.91,17
2/6/2023 10:15,33.28501758,-13.91,19
2/6/2023 10:20,37.03165234,-2.01,20
2/6/2023 10:25,34.79426465,-10.54,33
2/6/2023 10:30,32.75190576,22.55,24
2/6/2023 10:35,36.22276367,10.35,29
2/6/2023 10:40,35.05237939,55.01,30
2/6/2023 10:45,36.25775195,64.75,30
2/6/2023 10:50,28.91472363,30.55,31
2/6/2023 10:55,30.66547803,38.85,31
2/6/2023 11:00,35.25559961,30.55,32
2/6/2023 11:05,36.22411914,42.62,33
2/6/2023 11:10,30.97374854,55.01,32
2/6/2023 11:15,32.12126318,52.55,23
2/6/2023 11:20,36.64807227,46.47377,25
2/6/2023 11:25,40.56229004,55.02,28
2/6/2023 11:30,25.09123608,42.62,27
2/6/2023 11:35,23.64252734,42.62,33
2/6/2023 11:40,31.85321924,54.69,36
2/6/2023 11:45,31.19474658,52.55,35
2/6/2023 11:50,35.71446094,52.55,35
2/6/2023 11:55,27.117771,42.62,35
2/6/2023 12:00,29.86397656,35.87086,35
2/6/2023 12:05,22.32257544,42.62,36
2/6/2023 12:10,24.52539429,52.55,27
2/6/2023 12:15,28.92057129,44.38,28
2/6/2023 12:20,30.32153369,42.62,28
2/6/2023 12:25,21.20972461,49.98,35
2/6/2023 12:30,29.15471533,52.55,28
2/6/2023 12:35,31.53949609,59.55,27
2/6/2023 12:40,33.84852246,50.68,27
2/6/2023 12:45,21.52310181,64.75,39
2/6/2023 12:50,29.48446997,64.75,34
2/6/2023 12:55,34.71022656,61.36,22
2/6/2023 13:00,26.87225049,54.5305,17
2/6/2023 13:05,22.40551123,50.43,25
2/6/2023 13:10,25.29770459,65.41299,27
2/6/2023 13:15,28.9276001,67.03,27
2/6/2023 13:20,28.42784961,64.75,31
2/6/2023 13:25,23.21808838,64.75,17
2/6/2023 13:30,24.8304248,64.75,27
2/6/2023 13:35,20.30726538,64.75,17
2/6/2023 13:40,33.034,64.75,17
2/6/2023 13:45,26.87110596,64.75,15
2/6/2023 13:50,29.61210498,67.6,14
2/6/2023 13:55,35.42132422,68.08084,15
2/6/2023 14:00,30.0325498,67.62,14
2/6/2023 14:05,28.8532749,66.35199,14
2/6/2023 14:10,29.01155737,65.41299,16
2/6/2023 14:15,28.1559353,148.59,18
2/6/2023 14:20,22.31786035,68.57,16
2/6/2023 14:25,32.35870459,69.06,14
2/6/2023 14:30,26.10129297,68.08075,13
2/6/2023 14:35,29.93566699,67.62,12
2/6/2023 14:40,32.90441699,85.03087,9
2/6/2023 14:45,28.96608887,75.55,18
2/6/2023 14:50,32.08221729,75.93168,27
2/6/2023 14:55,23.87094556,90.75,31
2/6/2023 15:00,24.46375928,82.34149,26
2/6/2023 15:05,29.89925049,64.75002,18
2/6/2023 15:10,26.40336523,55,17
2/6/2023 15:15,24.0220791,66.55,12
2/6/2023 15:20,31.64416943,70.28,15
2/6/2023 15:25,33.41424365,67.51,11
2/6/2023 15:30,29.32275244,129.02,8
2/6/2023 15:35,27.03191748,90.75,5
2/6/2023 15:40,30.79176367,97.38478,5
2/6/2023 15:45,33.01627979,222.08,5
2/6/2023 15:50,32.3112793,157.18,6
2/6/2023 15:55,28.87009912,222.25,6
2/6/2023 16:00,29.29458936,246.28,6
2/6/2023 16:05,33.01002832,149.35,5
2/6/2023 16:10,28.34472217,209.75,4
2/6/2023 16:15,33.44382129,247.17,4
2/6/2023 16:20,31.63743213,253.27358,4
2/6/2023 16:25,27.15850586,260.43415,3
2/6/2023 16:30,30.90526172,260.16391,3
2/6/2023 16:35,30.21247852,244.55,2
2/6/2023 16:40,29.37427246,249.76,2
2/6/2023 16:45,34.97556006,253.27358,2
2/6/2023 16:50,30.89942383,256.83282,1
2/6/2023 16:55,20.82408594,258.63,1
2/6/2023 17:00,20.93669751,264.98,1
2/6/2023 17:05,17.85421045,267.77,0
2/6/2023 17:10,26.59727637,264.75,0
2/6/2023 17:15,41.48730957,267.77,0
2/6/2023 17:20,29.65769971,267.77,0
2/6/2023 17:25,28.72455859,273.38133,0
2/6/2023 17:30,27.04394043,275.28,0
2/6/2023 17:35,31.00318701,277.18166,0
2/6/2023 17:40,23.50825146,271.5,0
2/6/2023 17:45,26.72112451,271.5,0
2/6/2023 17:50,30.13349902,271.5,0
2/6/2023 17:55,38.09476074,269.63,0
2/6/2023 18:00,39.74799121,269.63,0
2/6/2023 18:05,39.96348145,265.92,0
2/6/2023 18:10,34.68640479,265.92,0
2/6/2023 18:15,33.37154736,254.1,0
2/6/2023 18:20,44.16065527,262.25084,0
2/6/2023 18:25,41.1952334,202.13,0
2/6/2023 18:30,41.90839453,204.49,0
2/6/2023 18:35,39.32425195,194.01004,0
2/6/2023 18:40,31.10527637,194.01004,0
2/6/2023 18:45,33.01081348,189.98,0
2/6/2023 18:50,37.99704004,189.98,0
2/6/2023 18:55,36.54314209,192.5,0
2/6/2023 19:00,30.26844629,153.01103,0
2/6/2023 19:05,29.91914014,189.98,0
2/6/2023 19:10,37.0849834,169.50289,0
2/6/2023 19:15,36.86607373,154.78017,0
2/6/2023 19:20,29.97674902,174.04351,0
2/6/2023 19:25,30.01595264,189.98,0
2/6/2023 19:30,35.68747168,136.04,0
2/6/2023 19:35,37.00190869,189.98,0
2/6/2023 19:40,30.97021729,176.45,0
2/6/2023 19:45,34.51118652,138.91152,0
2/6/2023 19:50,35.94800391,140.86,0
2/6/2023 19:55,37.13580469,138.91152,0
2/6/2023 20:00,30.53003516,121.64318,0
2/6/2023 20:05,30.30088672,138.91152,0
2/6/2023 20:10,35.17993652,116.62,0
2/6/2023 20:15,34.90304736,116.9,0
2/6/2023 20:20,31.61242236,116.9,0
2/6/2023 20:25,37.10896289,115.8039,0
2/6/2023 20:30,34.92938477,115.6,0
2/6/2023 20:35,33.73921777,115.53131,0
2/6/2023 20:40,26.8020376,112.87426,0
2/6/2023 20:45,33.1222334,113.51353,0
2/6/2023 20:50,33.28224707,112.87426,0
2/6/2023 20:55,33.32136035,106.57,0
2/6/2023 21:00,29.13203613,99.19,0
2/6/2023 21:05,25.61645117,103.01,0
2/6/2023 21:10,38.86996582,111.12227,0
2/6/2023 21:15,39.23231348,99.99003,0
2/6/2023 21:20,35.9361709,101.74277,0
2/6/2023 21:25,33.29198145,88.95364,0
2/6/2023 21:30,41.12319727,86.51431,0
2/6/2023 21:35,33.83841357,98.87,0
2/6/2023 21:40,38.22662598,90.6422,0
2/6/2023 21:45,26.41808105,91.27384,0
2/6/2023 21:50,27.47958057,89.79201,0
2/6/2023 21:55,35.09001221,88.34,0
2/6/2023 22:00,30.55709717,92.78358,0
2/6/2023 22:05,29.10962842,90.75,0
2/6/2023 22:10,36.53840137,97.2916,0
2/6/2023 22:15,38.32532324,110.81,0
2/6/2023 22:20,38.08555908,99.33186,0
2/6/2023 22:25,33.76109619,97.22471,0
2/6/2023 22:30,38.94609961,99.80182,0
2/6/2023 22:35,32.99512646,131.1136,0
2/6/2023 22:40,35.48629102,104.19092,0
2/6/2023 22:45,36.16446826,148.72,0
2/6/2023 22:50,31.80936719,133.85,0
2/6/2023 22:55,31.79902051,132.93029,0
2/6/2023 23:00,28.74444873,116.06002,0
2/6/2023 23:05,27.86607617,123.25311,0
2/6/2023 23:10,27.57439844,139.01,0
2/6/2023 23:15,34.95665967,132.02,0
2/6/2023 23:20,40.62661914,101.19,0
2/6/2023 23:25,32.69358057,103.59112,0
2/6/2023 23:30,30.20975635,98.50464,0
2/6/2023 23:35,31.26035498,111.31,0
2/6/2023 23:40,35.00850635,111.31,0
2/6/2023 23:45,35.60764941,101.19,0
2/6/2023 23:50,32.73138086,86.65483,0
2/6/2023 23:55,35.82638428,99.28185,0
3/6/2023 0:00,32.53391016,94.72151,0
3/6/2023 0:05,29.25585449,63.38259,0
3/6/2023 0:10,30.78416748,97.26,0
3/6/2023 0:15,37.20093164,90.75,0
3/6/2023 0:20,32.96899268,97.9,0
3/6/2023 0:25,28.29087109,96.99,0
3/6/2023 0:30,35.34474316,97.22471,0
3/6/2023 0:35,33.94337939,99.80182,0
3/6/2023 0:40,31.83557715,96.98071,0
3/6/2023 0:45,34.48647314,100.07095,0
3/6/2023 0:50,35.3249082,100.44,0
3/6/2023 0:55,30.9131748,100.71269,0
3/6/2023 1:00,38.1110166,102.17424,0
3/6/2023 1:05,35.4362666,81.42,0
3/6/2023 1:10,36.13275635,90.75,0
3/6/2023 1:15,32.30883301,99.63079,0
3/6/2023 1:20,30.68673975,90.75,0
3/6/2023 1:25,32.5204624,90.75,0
3/6/2023 1:30,31.83939844,84.1,0
3/6/2023 1:35,29.95372852,84.77,0
3/6/2023 1:40,29.43523096,83.41497,0
3/6/2023 1:45,29.54297559,78.13181,0
3/6/2023 1:50,32.25145801,79.59408,0
3/6/2023 1:55,27.8202876,81.67,0
3/6/2023 2:00,29.87415332,79.59408,0
3/6/2023 2:05,30.90697803,82.80219,0
3/6/2023 2:10,30.87444141,82.2333,0
3/6/2023 2:15,28.18724756,82.80219,0
3/6/2023 2:20,25.38535938,82.80219,0
3/6/2023 2:25,23.96379883,68.88,0
3/6/2023 2:30,30.39168018,80.15,0
3/6/2023 2:35,36.05835742,82.12177,0
3/6/2023 2:40,27.50986279,83.26213,0
3/6/2023 2:45,27.48546631,83.37441,0
3/6/2023 2:50,29.07477881,83.84,0
3/6/2023 2:55,29.89531641,80.15,0
3/6/2023 3:00,30.22947852,79.59408,0
3/6/2023 3:05,28.41221533,82.2333,0
3/6/2023 3:10,30.25718896,82.69,0
3/6/2023 3:15,34.02714258,79.05,0
3/6/2023 3:20,33.00451563,82.12275,0
3/6/2023 3:25,36.14432227,69.18221,0
3/6/2023 3:30,32.10774268,79.59408,0
3/6/2023 3:35,30.39481982,79.05,0
3/6/2023 3:40,29.68944873,81.67,0
3/6/2023 3:45,24.9249126,81.56,0
3/6/2023 3:50,25.37936182,81.56,0
3/6/2023 3:55,26.08943164,78.07143,0
3/6/2023 4:00,30.66882422,90.75,0
3/6/2023 4:05,29.78707764,81.56,0
3/6/2023 4:10,32.68631104,82.12242,0
3/6/2023 4:15,33.25009326,69.42,0
3/6/2023 4:20,37.47383447,80.15,0
3/6/2023 4:25,32.32630908,83.26213,0
3/6/2023 4:30,38.68042871,81.82,0
3/6/2023 4:35,33.10324072,79.96033,0
3/6/2023 4:40,35.70105762,82.80219,0
3/6/2023 4:45,34.72065039,82.12242,0
3/6/2023 4:50,34.2175166,84.42,0
3/6/2023 4:55,35.33226416,84.42,0
3/6/2023 5:00,33.67347852,83.84,0
3/6/2023 5:05,36.18034229,83.95042,0
3/6/2023 5:10,35.79629834,84.53,0
3/6/2023 5:15,31.49117432,90.44352,0
3/6/2023 5:20,29.71781396,83.95058,0
3/6/2023 5:25,29.0165166,85.11283,0
3/6/2023 5:30,30.92358301,85.11283,0
3/6/2023 5:35,38.19928223,81.82,0
3/6/2023 5:40,36.00275586,83.84,0
3/6/2023 5:45,37.65722266,83.26213,0
3/6/2023 5:50,44.29137109,84.53,0
3/6/2023 5:55,35.71984473,89.82,0
3/6/2023 6:00,34.74489648,83.95042,0
3/6/2023 6:05,36.81017676,85.11283,0
3/6/2023 6:10,40.2185918,90.75,0
3/6/2023 6:15,47.96154297,91.0714,0
3/6/2023 6:20,32.32474707,101.06,0
3/6/2023 6:25,39.95691846,101.75398,0
3/6/2023 6:30,40.00718848,110.75,0
3/6/2023 6:35,34.81363672,124.07005,0
3/6/2023 6:40,41.94542188,104.01173,0
3/6/2023 6:45,28.83534912,139.01,0
3/6/2023 6:50,35.13145166,136.96358,0
3/6/2023 6:55,38.31259277,135.65442,0
3/6/2023 7:00,43.28242383,139.01,0
3/6/2023 7:05,32.81584424,139.01,0
3/6/2023 7:10,32.93685596,138.68185,0
3/6/2023 7:15,34.0689502,135.46325,0
3/6/2023 7:20,36.05017969,131.06,0
3/6/2023 7:25,37.0485,125.39378,0
3/6/2023 7:30,30.78452295,126.27,0
3/6/2023 7:35,27.95249121,113.06,0
3/6/2023 7:40,31.1729209,113.41,0
3/6/2023 7:45,28.9094209,86.01074,0
3/6/2023 7:50,33.97634863,90.75,0
3/6/2023 7:55,35.05881055,90.11405,0
3/6/2023 8:00,34.00949854,76.91383,0
3/6/2023 8:05,31.21049121,79.27451,0
3/6/2023 8:10,35.40769141,80.2236,0
3/6/2023 8:15,40.77793018,53.94,1
3/6/2023 8:20,34.24997119,64.75,1
3/6/2023 8:25,40.35724707,55.02,1
3/6/2023 8:30,34.75169141,64.75,1
3/6/2023 8:35,30.07125537,56.28433,2
3/6/2023 8:40,29.87899365,95.65,2
3/6/2023 8:45,35.37994385,48.89107,2
3/6/2023 8:50,41.40849805,47.33,2
3/6/2023 8:55,40.28846191,47.91,2
3/6/2023 9:00,36.69360254,46.75,3
3/6/2023 9:05,40.40208008,67.62,4
3/6/2023 9:10,39.70745508,64.75,3
3/6/2023 9:15,41.91939941,61.17,3
3/6/2023 9:20,40.5711582,52.55,3
3/6/2023 9:25,32.99896631,61.55,3
3/6/2023 9:30,33.46992041,52.55,4
3/6/2023 9:35,44.30348633,47.8,5
3/6/2023 9:40,31.74218311,48.19351,5
3/6/2023 9:45,35.20279883,44.80304,6
3/6/2023 9:50,33.45054736,55.02,7
3/6/2023 9:55,36.2658252,45.61088,5
3/6/2023 10:00,34.12453564,46.78355,4
3/6/2023 10:05,33.95544922,43.99165,3
3/6/2023 10:10,33.06288818,52.18,3
3/6/2023 10:15,29.50054248,44.31,4
3/6/2023 10:20,26.60517676,30.55,6
3/6/2023 10:25,30.70966162,30.55,7
3/6/2023 10:30,28.0338833,41.39,9
3/6/2023 10:35,31.34312207,30.4639,9
3/6/2023 10:40,32.78084961,55.72,7
3/6/2023 10:45,32.22702148,49.62,7
3/6/2023 10:50,35.92922266,30.55,7
3/6/2023 10:55,35.82954688,42.62,7
3/6/2023 11:00,38.34816797,30.55,9
3/6/2023 11:05,33.32099658,32.98,11
3/6/2023 11:10,32.94383057,52.55,8
3/6/2023 11:15,37.26714453,52.55,11
3/6/2023 11:20,29.67906738,37.05,13
3/6/2023 11:25,36.33199902,55,14
3/6/2023 11:30,30.99114648,64.75,13
3/6/2023 11:35,33.90047998,71.55449,11
3/6/2023 11:40,35.39357617,81.87,12
3/6/2023 11:45,31.31861084,64.75,15
3/6/2023 11:50,31.89026953,64.75,17
3/6/2023 11:55,33.78954834,61.51,22
3/6/2023 12:00,35.13373975,64.75,29
3/6/2023 12:05,33.10348193,64.75,27
3/6/2023 12:10,34.97976953,75.04,23
3/6/2023 12:15,37.01804492,64.75,20
3/6/2023 12:20,30.39014551,64.75,21
3/6/2023 12:25,28.58279688,64.75,23
3/6/2023 12:30,26.10566064,64.75,19
3/6/2023 12:35,28.74304346,64.75,18
3/6/2023 12:40,35.00340527,64.75,17
3/6/2023 12:45,28.09263379,59.55,21
3/6/2023 12:50,27.43032959,61.27,28
3/6/2023 12:55,28.29458594,64.75,25
3/6/2023 13:00,31.97234473,67.62004,25
3/6/2023 13:05,34.12084033,78.35,29
3/6/2023 13:10,29.02044556,61.27,31
3/6/2023 13:15,25.42056982,109.43,35
3/6/2023 13:20,21.51628711,64.75,36
3/6/2023 13:25,29.37481543,79.44,27
3/6/2023 13:30,28.47108789,105.48,21
3/6/2023 13:35,23.59413672,90.75,16
3/6/2023 13:40,27.2644126,90.75,8
3/6/2023 13:45,24.21912158,81.11,5
3/6/2023 13:50,29.29622852,90.75,7
3/6/2023 13:55,26.62840332,90.75,8
3/6/2023 14:00,28.75755029,96.62,17
3/6/2023 14:05,28.76576514,60.33,13
3/6/2023 14:10,31.32791602,79.44,14
3/6/2023 14:15,27.6088125,78.89126,14
3/6/2023 14:20,24.43825049,67.62,9
3/6/2023 14:25,29.4407168,67.62,7
3/6/2023 14:30,29.3356543,77.80367,9
3/6/2023 14:35,27.13224487,67.62,9
3/6/2023 14:40,24.64078516,67.62004,7
3/6/2023 14:45,24.46550269,64.75,8
3/6/2023 14:50,28.28789893,64.75,6
3/6/2023 14:55,26.31154395,67.62,5
3/6/2023 15:00,28.24045044,79.44,6
3/6/2023 15:05,20.70006812,79.44004,6
3/6/2023 15:10,21.84192285,89.23149,6
3/6/2023 15:15,30.76417041,95.95175,5
3/6/2023 15:20,30.59437207,96.23,5
3/6/2023 15:25,28.08210596,90.75,4
3/6/2023 15:30,28.78826465,131.62,5
3/6/2023 15:35,32.21688477,85,5
3/6/2023 15:40,23.19797559,110.75005,4
3/6/2023 15:45,25.76933374,110.75,4
3/6/2023 15:50,32.05537158,131.84,6
3/6/2023 15:55,25.24785376,130.75002,6
3/6/2023 16:00,22.08737451,135.29135,6
3/6/2023 16:05,24.16191602,132.75006,6
3/6/2023 16:10,31.27056396,133.44229,6
3/6/2023 16:15,31.98403613,133.44229,4
3/6/2023 16:20,30.03556445,138.29187,2
3/6/2023 16:25,35.43899805,145.01003,1
3/6/2023 16:30,30.72873193,192.50002,1
3/6/2023 16:35,32.61072656,144.01,1
3/6/2023 16:40,30.32380029,184.07,1
3/6/2023 16:45,28.65178857,145.01,0
3/6/2023 16:50,27.93412988,173.78,0
3/6/2023 16:55,28.06410303,192.5,0
3/6/2023 17:00,34.14647314,264.08,0
3/6/2023 17:05,34.29886084,196.79,0
3/6/2023 17:10,30.40272461,193.53,0
3/6/2023 17:15,31.21699561,193.53,0
3/6/2023 17:20,36.85328418,209.43,0
3/6/2023 17:25,31.9951626,272.7435,0
3/6/2023 17:30,31.53359717,277.18166,0
3/6/2023 17:35,30.41789502,270.91,0
3/6/2023 17:40,23.45117554,273.21,0
3/6/2023 17:45,32.08811621,273.21,0
3/6/2023 17:50,31.22158594,273.21,0
3/6/2023 17:55,33.30813428,277.18166,0
3/6/2023 18:00,29.95553809,215.25,0
3/6/2023 18:05,26.76863525,194.01004,0
3/6/2023 18:10,27.16303516,189.74,0
3/6/2023 18:15,29.80627783,189.98,0
3/6/2023 18:20,31.05504346,174.77,0
3/6/2023 18:25,35.85311426,174.00292,0
3/6/2023 18:30,37.87741211,141.84,0
3/6/2023 18:35,35.80725586,143.81,0
3/6/2023 18:40,33.9089248,145.01,0
3/6/2023 18:45,35.91271289,138.11,0
3/6/2023 18:50,25.83587061,119.91,0
3/6/2023 18:55,26.44698438,120.74,0
3/6/2023 19:00,27.54491309,113.51342,0
3/6/2023 19:05,37.0555625,105.67,0
3/6/2023 19:10,32.83733838,104.87,0
3/6/2023 19:15,28.13312109,109.16007,0
3/6/2023 19:20,26.9138584,108.41069,0
3/6/2023 19:25,37.39307617,110.54158,0
3/6/2023 19:30,33.4714873,109.78267,0
3/6/2023 19:35,37.02317188,144.01,0
3/6/2023 19:40,37.01575879,112.96402,0
3/6/2023 19:45,36.85947656,112.07327,0
3/6/2023 19:50,33.11284863,99.19,0
3/6/2023 19:55,25.45760645,115.66035,0
3/6/2023 20:00,27.16480005,112.07322,0
3/6/2023 20:05,22.64215527,104.87,0
3/6/2023 20:10,29.06324634,102.9,0
3/6/2023 20:15,28.30269775,117.65388,0
3/6/2023 20:20,33.23239111,104.87,0
3/6/2023 20:25,27.65112158,104.87,0
3/6/2023 20:30,24.62697949,95.63,0
3/6/2023 20:35,27.8459248,104.96,0
3/6/2023 20:40,34.41892578,106.41,0
3/6/2023 20:45,29.52293555,92.22,0
3/6/2023 20:50,25.77551758,86.88348,0
3/6/2023 20:55,25.46205518,87.49,0
3/6/2023 21:00,25.33230957,87.49,0
3/6/2023 21:05,27.61524951,92.47003,0
3/6/2023 21:10,30.6142168,99.01102,0
3/6/2023 21:15,30.18235547,104.87,0
3/6/2023 21:20,26.66490625,90.75003,0
3/6/2023 21:25,30.15597559,87.4812,0
3/6/2023 21:30,20.26639355,86.77,0
3/6/2023 21:35,22.4125249,86.17331,0
3/6/2023 21:40,23.73484473,86.77,0
3/6/2023 21:45,26.52013818,85.58285,0
3/6/2023 21:50,21.25099854,84.68,0
3/6/2023 21:55,18.69060303,82.38335,0
3/6/2023 22:00,25.69736719,82.95153,0
3/6/2023 22:05,24.76699561,55.01,0
3/6/2023 22:10,19.36992334,79.59405,0
3/6/2023 22:15,19.82313428,83.26147,0
3/6/2023 22:20,24.38754932,82.69,0
3/6/2023 22:25,21.4591499,83.84,0
3/6/2023 22:30,19.95306885,83.2618,0
3/6/2023 22:35,23.0093042,81.1,0
3/6/2023 22:40,26.80144238,82.12338,0
3/6/2023 22:45,21.71844727,129.65416,0
3/6/2023 22:50,27.35480518,85.11283,0
3/6/2023 22:55,31.41420947,83.84,0
3/6/2023 23:00,23.0335083,84.42,0
3/6/2023 23:05,19.02941162,85.7,0
3/6/2023 23:10,19.85395581,90.75,0
3/6/2023 23:15,25.15580908,90.75003,0
3/6/2023 23:20,19.46591431,90.75,0
3/6/2023 23:25,18.49654785,85.58387,0
3/6/2023 23:30,22.60365576,82.95153,0
3/6/2023 23:35,24.68678076,85.58369,0
3/6/2023 23:40,22.20846484,86.29,0
3/6/2023 23:45,21.95875977,86.29,0
3/6/2023 23:50,25.29556592,90.75,0
3/6/2023 23:55,25.95123047,90.75003,0
4/6/2023 0:00,27.58552539,84.1,0
4/6/2023 0:05,27.24930566,86.88357,0
4/6/2023 0:10,26.53837305,90.75,0
4/6/2023 0:15,24.35749658,90.75,0
4/6/2023 0:20,25.49439648,90.75,0
4/6/2023 0:25,22.35125537,86.88341,0
4/6/2023 0:30,24.88351318,82.95153,0
4/6/2023 0:35,25.15287793,82.95153,0
4/6/2023 0:40,21.18387939,90.75,0
4/6/2023 0:45,21.88668237,86.29,0
4/6/2023 0:50,28.34597852,85.58387,0
4/6/2023 0:55,26.08434863,86.77,0
4/6/2023 1:00,25.21580664,84.1,0
4/6/2023 1:05,33.20738232,82.95153,0
4/6/2023 1:10,24.48686182,83.52324,0
4/6/2023 1:15,28.58227393,82.38335,0
4/6/2023 1:20,29.49701465,81.26,0
4/6/2023 1:25,25.50336255,82.38335,0
4/6/2023 1:30,22.55967334,82.38335,0
4/6/2023 1:35,19.96856494,80.7,0
4/6/2023 1:40,27.38618652,81.26,0
4/6/2023 1:45,26.76535938,82.38335,0
4/6/2023 1:50,26.84644775,82.38335,0
4/6/2023 1:55,22.55036084,82.95153,0
4/6/2023 2:00,29.36719678,81.07016,0
4/6/2023 2:05,26.35949219,64.75,0
4/6/2023 2:10,28.31857031,64.75,0
4/6/2023 2:15,30.27877246,64.75,0
4/6/2023 2:20,23.67395605,81.26,0
4/6/2023 2:25,22.94025293,54.6338,0
4/6/2023 2:30,23.73575146,55.39028,0
4/6/2023 2:35,24.00897168,82.38335,0
4/6/2023 2:40,26.81968359,55.77203,0
4/6/2023 2:45,23.22967969,55.39028,0
4/6/2023 2:50,24.50838135,55.03,0
4/6/2023 2:55,29.43587305,55.39028,0
4/6/2023 3:00,29.74677002,55.01088,0
4/6/2023 3:05,21.0409834,55.39028,0
4/6/2023 3:10,27.92410107,55,0
4/6/2023 3:15,29.7758291,64.75,0
4/6/2023 3:20,25.40359961,56.67,0
4/6/2023 3:25,17.63326807,55.03,0
4/6/2023 3:30,19.16729395,55.02,0
4/6/2023 3:35,23.29937988,55,0
4/6/2023 3:40,30.5323457,55,0
4/6/2023 3:45,24.7735542,55.01,0
4/6/2023 3:50,20.99392944,54.27,0
4/6/2023 3:55,26.02319775,52.55,0
4/6/2023 4:00,28.99063281,52.55,0
4/6/2023 4:05,24.26071143,54.15,0
4/6/2023 4:10,17.67858423,54,0
4/6/2023 4:15,28.68800781,54.15,0
4/6/2023 4:20,24.62340845,53.94,0
4/6/2023 4:25,22.28891602,46.75,0
4/6/2023 4:30,22.14928784,53.33,0
4/6/2023 4:35,25.1555083,46.75,0
4/6/2023 4:40,22.27144116,52.55,0
4/6/2023 4:45,21.78868066,52.55,0
4/6/2023 4:50,25.01929346,52.55,0
4/6/2023 4:55,25.32333105,46.75,0
4/6/2023 5:00,20.14808911,52.55,0
4/6/2023 5:05,22.65614868,54.15004,0
4/6/2023 5:10,27.93637354,46.75,0
4/6/2023 5:15,18.83568506,46.75,0
4/6/2023 5:20,19.98535645,52.55,0
4/6/2023 5:25,18.80978735,51.01045,0
4/6/2023 5:30,21.10571606,46.75,0
4/6/2023 5:35,23.99236914,34.72271,0
4/6/2023 5:40,23.21281445,46.75,0
4/6/2023 5:45,18.99412524,38.56,0
4/6/2023 5:50,19.62652368,46.75,0
4/6/2023 5:55,31.3199707,55.01,0
4/6/2023 6:00,34.13481445,46.75,0
4/6/2023 6:05,29.97416016,55,0
4/6/2023 6:10,33.1781377,45.00003,0
4/6/2023 6:15,26.79404932,60.01483,0
4/6/2023 6:20,27.52962109,64.75,0
4/6/2023 6:25,30.60370313,55.77203,0
4/6/2023 6:30,37.21295215,64.75,0
4/6/2023 6:35,27.51800684,55.39028,0
4/6/2023 6:40,23.10622949,64.75,0
4/6/2023 6:45,33.88958887,130,0
4/6/2023 6:50,33.23183496,64.75,0
4/6/2023 6:55,29.42122754,84.1,0
4/6/2023 7:00,28.81530737,90.75,0
4/6/2023 7:05,30.77805518,83.52324,0
4/6/2023 7:10,31.86458447,81.74119,0
4/6/2023 7:15,29.87956982,64.75,0
4/6/2023 7:20,30.10758203,71.29416,0
4/6/2023 7:25,26.30216113,81.26,0
4/6/2023 7:30,27.71843652,64.75,0
4/6/2023 7:35,28.0183291,64.75,0
4/6/2023 7:40,32.83263184,78.93482,0
4/6/2023 7:45,33.80880762,82.80219,0
4/6/2023 7:50,25.75504492,81.26,0
4/6/2023 7:55,28.0326001,64.75,1
4/6/2023 8:00,31.58355688,78.86046,1
4/6/2023 8:05,27.27045093,64.75,1
4/6/2023 8:10,28.99829346,78.50183,1
4/6/2023 8:15,33.59164941,77.42269,1
4/6/2023 8:20,28.27656738,52.42,1
4/6/2023 8:25,30.16410547,38.39003,1
4/6/2023 8:30,38.27781299,46.75,2
4/6/2023 8:35,38.73094287,53.89,2
4/6/2023 8:40,42.87612891,55.01,2
4/6/2023 8:45,34.72400635,32.87484,2
4/6/2023 8:50,39.05296729,53.15,3
4/6/2023 8:55,34.90638867,46.75,2
4/6/2023 9:00,32.7352207,46.75,3
4/6/2023 9:05,31.9960332,53.15,3
4/6/2023 9:10,35.68745996,53.15,4
4/6/2023 9:15,38.75102441,55.02,4
4/6/2023 9:20,33.81854785,53.89,4
4/6/2023 9:25,34.69922119,53.15,5
4/6/2023 9:30,34.13960889,58.44,4
4/6/2023 9:35,39.57682031,55.01088,5
4/6/2023 9:40,33.48371338,52.55,5
4/6/2023 9:45,26.73729199,53.15,5
4/6/2023 9:50,25.61935742,52.78258,6
4/6/2023 9:55,34.3935542,52.55,6
4/6/2023 10:00,37.15793701,52.55,6
4/6/2023 10:05,32.23166602,52.55,7
4/6/2023 10:10,32.28093262,64.01,8
4/6/2023 10:15,33.4763916,59.55,12
4/6/2023 10:20,33.22737109,52.55,10
4/6/2023 10:25,38.12244141,32.64,10
4/6/2023 10:30,33.85656836,32.41008,12
4/6/2023 10:35,29.5993584,55,14
4/6/2023 10:40,43.07426758,64.75,14
4/6/2023 10:45,51.3061543,60.33,15
4/6/2023 10:50,47.87254492,29.62,15
4/6/2023 10:55,38.19412598,61.17,16
4/6/2023 11:00,43.18439258,60.33,18
4/6/2023 11:05,41.82868945,79.88404,22
4/6/2023 11:10,50.47682422,82.12242,18
4/6/2023 11:15,30.47240869,81,25
4/6/2023 11:20,31.6307207,79.88404,24
4/6/2023 11:25,34.97330566,78.64,34
4/6/2023 11:30,33.20595508,81.11,34
4/6/2023 11:35,35.76208594,55,33
4/6/2023 11:40,36.74748633,79.33282,33
4/6/2023 11:45,37.17590479,80.55,34
4/6/2023 11:50,34.07431641,81,35
4/6/2023 11:55,39.55508398,90.75,34
4/6/2023 12:00,33.41500586,89.34,33
4/6/2023 12:05,32.35527783,81,33
4/6/2023 12:10,27.28469629,81.11,34
4/6/2023 12:15,34.91028076,81.11,31
4/6/2023 12:20,37.61079102,79.88411,30
4/6/2023 12:25,24.53210498,90.75,33
4/6/2023 12:30,27.17754102,79.33282,33
4/6/2023 12:35,34.1544375,79.9919,33
4/6/2023 12:40,26.26980444,117.75,33
4/6/2023 12:45,35.28711035,178.68,33
4/6/2023 12:50,25.85459692,90.75,33
4/6/2023 12:55,27.81910205,90.75,33
4/6/2023 13:00,36.78869531,90.75,33
4/6/2023 13:05,37.85826465,64,33
4/6/2023 13:10,31.20721973,81.56,32
4/6/2023 13:15,39.91698535,82.12242,32
4/6/2023 13:20,29.81040332,79.88393,31
4/6/2023 13:25,28.55034766,89.18,30
4/6/2023 13:30,33.8637002,100.22494,30
4/6/2023 13:35,37.25228516,79.99179,29
4/6/2023 13:40,35.63384766,81.11,29
4/6/2023 13:45,28.26941846,81.67,28
4/6/2023 13:50,29.30938037,81.11,28
4/6/2023 13:55,26.08007251,81.67,27
4/6/2023 14:00,34.41196582,81.11,27
4/6/2023 14:05,29.44743921,63.43,26
4/6/2023 14:10,33.55561816,81.67,21
4/6/2023 14:15,32.82861914,90.75,22
4/6/2023 14:20,26.39747021,82.80219,20
4/6/2023 14:25,24.61152783,101.62,20
4/6/2023 14:29,32.27320801,,13
4/6/2023 14:30,,103.03,6
4/6/2023 14:35,27.84326782,60.8,20
4/6/2023 14:40,26.79755176,90.75,19
4/6/2023 14:45,33.03346338,90.75,17
4/6/2023 14:50,33.19563867,73.5,16
4/6/2023 14:55,33.2022207,267.86091,15
4/6/2023 15:00,30.77729248,190.74,13
4/6/2023 15:05,29.01623096,106.63075,14
4/6/2023 15:10,25.93571973,105.53,15
4/6/2023 15:15,23.81334863,105.90138,13
4/6/2023 15:20,25.39289063,105.18,12
4/6/2023 15:25,29.50823242,106.63075,9
4/6/2023 15:30,32.96374121,107.36467,9
4/6/2023 15:35,23.90072461,90.75,9
4/6/2023 15:40,37.00404395,105.18,8
4/6/2023 15:45,33.62207959,99.19,6
4/6/2023 15:50,31.18371484,105.90138,5
4/6/2023 15:55,29.42414136,106.63075,6
4/6/2023 16:00,26.62436768,110.75,5
4/6/2023 16:05,29.74499023,190.07,5
4/6/2023 16:10,29.0842373,111.83,4
4/6/2023 16:15,27.95899365,102.26233,4
4/6/2023 16:20,26.88515137,99.19,4
4/6/2023 16:25,28.13387744,129.01,4
4/6/2023 16:30,31.12954395,132.55,4
4/6/2023 16:35,25.34437842,133.96,3
4/6/2023 16:40,26.8302876,133.04,3
4/6/2023 16:45,25.99246973,109.9432,2
4/6/2023 16:50,28.91893164,104.87,2
4/6/2023 16:55,26.98404663,104.87,1
4/6/2023 17:00,28.42553662,114.58,1
4/6/2023 17:05,28.8789917,130.11062,0
4/6/2023 17:10,26.40686328,145.01,0
4/6/2023 17:15,32.0860498,145.01,0
4/6/2023 17:20,27.22606396,189.98,0
4/6/2023 17:25,31.47579736,156.8,0
4/6/2023 17:30,33.09884766,290,0
4/6/2023 17:35,27.14315674,370.73,0
4/6/2023 17:40,31.00152344,145.01,0
4/6/2023 17:45,39.0484126,145.01,0
4/6/2023 17:50,39.67070508,156.8,0
4/6/2023 17:55,34.95347363,370.73,0
4/6/2023 18:00,33.28322168,189.98,0
4/6/2023 18:05,33.0037251,145.01,0
4/6/2023 18:10,31.74810791,144.01,0
4/6/2023 18:15,33.10675879,145.01,0
4/6/2023 18:20,27.04762097,144.01,0
4/6/2023 18:25,22.87242139,144.01,0
4/6/2023 18:30,24.70037744,144.01,0
4/6/2023 18:35,30.75869727,189.98,0
4/6/2023 18:40,29.48081689,144.01,0
4/6/2023 18:45,29.2461665,144.01,0
4/6/2023 18:50,34.41200439,144.01,0
4/6/2023 18:55,40.64818066,144.01,0
4/6/2023 19:00,35.82302734,106.63075,0
4/6/2023 19:05,30.94125293,105.90138,0
4/6/2023 19:10,26.27398193,104.87,0
4/6/2023 19:15,37.55714844,104.87,0
4/6/2023 19:20,30.51928369,104.87,0
4/6/2023 19:25,27.79447754,90.75,0
4/6/2023 19:30,24.00364478,90.75,0
4/6/2023 19:35,25.92977002,90.75,0
4/6/2023 19:40,30.53149219,90.75,0
4/6/2023 19:45,30.30395361,104.87,0
4/6/2023 19:50,27.21467627,99.19,0
4/6/2023 19:55,30.71223242,144.01,0
4/6/2023 20:00,30.28660059,144.01,0
4/6/2023 20:05,33.1140918,110.75001,0
4/6/2023 20:10,22.44012915,104.87,0
4/6/2023 20:15,24.64357471,90.75003,0
4/6/2023 20:20,34.33989502,90.75,0
4/6/2023 20:25,29.69691113,90.75,0
4/6/2023 20:30,31.02796191,90.75,0
4/6/2023 20:35,30.45371533,104.24,0
4/6/2023 20:40,34.79197266,90.75,0
4/6/2023 20:45,27.78929199,87.49,0
4/6/2023 20:50,30.118073,87.49,0
4/6/2023 20:55,28.62640869,59.73,0
4/6/2023 21:00,30.97032373,86.17331,0
4/6/2023 21:05,28.50486743,86.88348,0
4/6/2023 21:10,26.0270271,90.75,0
4/6/2023 21:15,25.2301084,88.23,0
4/6/2023 21:20,29.03419702,90.75,0
4/6/2023 21:25,25.72359546,92.58,0
4/6/2023 21:30,24.89944727,64.75,0
4/6/2023 21:35,25.85683105,90.75,0
4/6/2023 21:40,24.80399219,85.58355,0
4/6/2023 21:45,30.38640088,86.17299,0
4/6/2023 21:50,39.93299805,81.26,0
4/6/2023 21:55,31.40438086,82.38335,0
4/6/2023 22:00,27.30923926,81.82,0
4/6/2023 22:05,30.94102881,82.95153,0
4/6/2023 22:10,29.98438135,139.01005,0
4/6/2023 22:15,30.47190918,139.01005,0
4/6/2023 22:20,29.07575635,145.42,0
4/6/2023 22:25,25.37040747,92.57,0
4/6/2023 22:30,25.45484277,82.95153,0
4/6/2023 22:35,27.22441602,85.58387,0
4/6/2023 22:40,28.95194189,86.17331,0
4/6/2023 22:45,23.12397095,90.75,0
4/6/2023 22:50,25.0202666,82.19327,0
4/6/2023 22:55,24.49498877,79.51,0
4/6/2023 23:00,25.01699463,80.7,0
4/6/2023 23:05,27.70986279,80.7,0
4/6/2023 23:10,26.15019189,81.82,0
4/6/2023 23:15,23.28885181,82.38335,0
4/6/2023 23:20,21.28927686,80.15,0
4/6/2023 23:25,30.13417627,77.18,0
4/6/2023 23:30,32.78175049,64.75,0
4/6/2023 23:35,27.24170605,64.75,0
4/6/2023 23:40,26.71263452,55.02,0
4/6/2023 23:45,32.28089404,77.02,0
4/6/2023 23:50,29.95553516,64.75,0
4/6/2023 23:55,26.35021021,55.01088,0
5/6/2023 0:00,31.40818701,55.03,0
5/6/2023 0:05,27.16631738,64.75,0
5/6/2023 0:10,24.40683618,82.95153,0
5/6/2023 0:15,22.49281958,64.75,0
5/6/2023 0:20,26.77815283,80.09,0
5/6/2023 0:25,22.88047925,55.02,0
5/6/2023 0:30,27.61936768,64.75,0
5/6/2023 0:35,37.57797266,64.75007,0
5/6/2023 0:40,29.76455273,78.66,0
5/6/2023 0:45,24.73445996,77.643,0
5/6/2023 0:50,27.74326025,55.84,0
5/6/2023 0:55,26.85686572,64.75,0
5/6/2023 1:00,25.32992676,64.75,0
5/6/2023 1:05,24.15792358,64.75,0
5/6/2023 1:10,22.56847168,64.75,0
5/6/2023 1:15,29.88215283,55.02,0
5/6/2023 1:20,28.88638818,52.55,0
5/6/2023 1:25,27.26742822,55,0
5/6/2023 1:30,30.50086768,54.16189,0
5/6/2023 1:35,27.9605542,52.55,0
5/6/2023 1:40,25.51756055,55.77203,0
5/6/2023 1:45,22.52338428,64.75,0
5/6/2023 1:50,30.76975708,64.75,0
5/6/2023 1:55,28.38741528,55.03,0
5/6/2023 2:00,24.9460835,55.02,0
5/6/2023 2:05,25.11644385,55.01,0
5/6/2023 2:10,28.16510962,64.75,0
5/6/2023 2:15,24.32644556,64.75,0
5/6/2023 2:20,31.78779932,55.03,0
5/6/2023 2:25,27.47325537,55.01,0
5/6/2023 2:30,27.22141479,54.55,0
5/6/2023 2:35,25.70077832,54.55,0
5/6/2023 2:40,34.18924072,54.51,0
5/6/2023 2:45,29.71785645,54.55,0
5/6/2023 2:50,22.61656079,52.55,0
5/6/2023 2:55,24.19814014,54.47,0
5/6/2023 3:00,26.44125781,55,0
5/6/2023 3:05,21.26430518,54.41,0
5/6/2023 3:10,22.50179102,52.55,0
5/6/2023 3:15,27.53670166,54.41,0
5/6/2023 3:20,28.60542432,52.55,0
5/6/2023 3:25,21.44972266,52.55,0
5/6/2023 3:30,31.5746084,55.01,0
5/6/2023 3:35,31.47215234,55.03,0
5/6/2023 3:40,28.72793555,55.02,0
5/6/2023 3:45,25.71300342,53.66,0
5/6/2023 3:50,29.63941943,52.55,0
5/6/2023 3:55,30.94602783,46.75,0
5/6/2023 4:00,26.7699248,64.75,0
5/6/2023 4:05,45.01148828,46.75,0
5/6/2023 4:10,42.41591992,32.06291,0
5/6/2023 4:15,35.81961182,46.75,0
5/6/2023 4:20,32.4492417,52.55,0
5/6/2023 4:25,28.51942871,52.55,0
5/6/2023 4:30,32.30502637,46.75,0
5/6/2023 4:35,28.14174756,46.75,0
5/6/2023 4:40,41.92216211,46.75,0
5/6/2023 4:45,29.76511133,46.75,0
5/6/2023 4:50,22.54342969,34.72271,0
5/6/2023 4:55,22.4250769,52.55,0
5/6/2023 5:00,34.99349707,52.55,0
5/6/2023 5:05,28.30045361,46.75,0
5/6/2023 5:10,24.58436255,52.55,0
5/6/2023 5:15,24.50698096,52.55,0
5/6/2023 5:20,25.89521143,55.01088,0
5/6/2023 5:25,31.87231543,62.53713,0
5/6/2023 5:30,27.26839795,62.41942,0
5/6/2023 5:35,30.4098501,56.15615,0
5/6/2023 5:40,24.11441064,55.77203,0
5/6/2023 5:45,26.66435425,64.75,0
5/6/2023 5:50,21.60367322,62.73004,0
5/6/2023 5:55,35.47008398,59.73,0
5/6/2023 6:00,29.71572949,83.49266,0
5/6/2023 6:05,23.37814087,84.63609,0
5/6/2023 6:10,24.95419727,90.75006,0
5/6/2023 6:15,33.04389648,86.28966,0
5/6/2023 6:20,29.0580625,90.75,0
5/6/2023 6:25,43.35316016,85.69942,0
5/6/2023 6:30,30.797646,99.19,0
5/6/2023 6:35,30.98153516,110.75002,0
5/6/2023 6:40,26.4189502,110.75,0
5/6/2023 6:45,31.40925586,139.01,0
5/6/2023 6:50,27.78668164,110.75002,0
5/6/2023 6:55,34.06696289,192.5,0
5/6/2023 7:00,34.01555615,113.21003,0
5/6/2023 7:05,32.12983887,139.01,0
5/6/2023 7:10,35.87125195,87.47,0
5/6/2023 7:15,40.57647852,110.75,0
5/6/2023 7:20,30.55519189,107.61613,0
5/6/2023 7:25,28.81731763,101.40942,0
5/6/2023 7:30,25.46163721,102.1104,0
5/6/2023 7:35,37.2282793,103.28581,1
5/6/2023 7:40,37.93647119,101.97913,1
5/6/2023 7:45,28.36124902,90.75,1
5/6/2023 7:50,30.96432959,82.17347,2
5/6/2023 7:55,33.22678516,81.01981,2
5/6/2023 8:00,29.67868762,81.58275,3
5/6/2023 8:05,32.26538281,82.14908,3
5/6/2023 8:10,35.5330542,90.75,4
5/6/2023 8:15,34.28315063,90.75,4
5/6/2023 8:20,23.37233032,82.14908,4
5/6/2023 8:25,28.33274048,78.78467,5
5/6/2023 8:30,29.04466406,78.4391,6
5/6/2023 8:35,32.96393066,79.9919,6
5/6/2023 8:40,29.26004834,79.88404,8
5/6/2023 8:45,25.52198022,78.78489,9
5/6/2023 8:50,34.93837109,64.75,10
5/6/2023 8:55,23.93023877,58.50715,11
5/6/2023 9:00,22.07520142,58.13812,13
5/6/2023 9:05,23.57336597,79.43993,10
5/6/2023 9:10,23.28025098,78.78489,10
5/6/2023 9:15,35.58380225,78.89126,8
5/6/2023 9:20,34.67810791,66.17171,10
5/6/2023 9:25,29.87619971,62.41234,16
5/6/2023 9:30,30.95517383,59.55,17
5/6/2023 9:35,35.22964697,63.51214,21
5/6/2023 9:40,33.62602002,71.51021,22
5/6/2023 9:45,22.93024658,72.22645,21
5/6/2023 9:50,24.65410791,64.435,23
5/6/2023 9:55,29.24162061,64.08572,25
5/6/2023 10:00,39.65845898,64.75,25
5/6/2023 10:05,34.28355176,78.89106,26
5/6/2023 10:10,21.8787251,77.80348,26
5/6/2023 10:15,27.29034375,55,27
5/6/2023 10:20,35.71011328,52.55,15
5/6/2023 10:25,31.78120264,64.75,15
5/6/2023 10:30,22.88726465,79.33281,27
5/6/2023 10:35,28.37192065,83.86873,30
5/6/2023 10:40,27.82716846,82.12241,38
5/6/2023 10:45,25.04327026,87.40378,36
5/6/2023 10:50,34.23236426,83.26267,32
5/6/2023 10:55,21.90225049,84.41605,24
5/6/2023 11:00,33.61257227,84.41605,37
5/6/2023 11:05,36.0487002,85.62,34
5/6/2023 11:10,37.90519922,90.75,31
5/6/2023 11:15,33.17932568,84.52968,35
5/6/2023 11:20,25.44582935,86.80552,30
5/6/2023 11:25,27.01629761,85.69942,31
5/6/2023 11:30,26.7309541,85.11262,26
5/6/2023 11:35,33.8579585,85.62,31
5/6/2023 11:40,34.59469434,83.26213,21
5/6/2023 11:45,36.47279053,60.99,27
5/6/2023 11:50,40.76857568,64.75,26
5/6/2023 11:55,33.7362168,83.29204,27
5/6/2023 12:00,30.02075049,83.86873,29
5/6/2023 12:05,26.8331748,90.75,33
5/6/2023 12:10,35.81571729,121.6587,30
5/6/2023 12:15,37.92457959,84.30197,36
5/6/2023 12:20,34.50415967,87.40378,38
5/6/2023 12:25,33.84072949,105.68064,28
5/6/2023 12:30,26.94608276,104.95777,19
5/6/2023 12:35,34.37666919,88.76993,26
5/6/2023 12:40,34.8505498,90.75,35
5/6/2023 12:45,32.67624365,90.75,27
5/6/2023 12:50,30.22941528,99.46018,21
5/6/2023 12:55,29.88426001,87.40378,12
5/6/2023 13:00,32.94839551,90.75,10
5/6/2023 13:05,38.51443555,90.75,12
5/6/2023 13:10,32.41907275,111.46896,27
5/6/2023 13:15,18.83186646,85.03267,36
5/6/2023 13:20,23.1519458,110.39012,33
5/6/2023 13:25,23.86727637,90.75,16
5/6/2023 13:30,31.60164551,104.95772,32
5/6/2023 13:35,29.16629102,104.95772,23
5/6/2023 13:40,30.79570508,90.75,19
5/6/2023 13:45,34.1011958,114.02077,18
5/6/2023 13:50,36.30549854,112.65373,19
5/6/2023 13:55,37.66381592,110.75,17
5/6/2023 14:00,22.32204346,101.40942,12
5/6/2023 14:05,27.57823096,90.75,12
5/6/2023 14:10,37.58839844,90.74993,11
5/6/2023 14:15,45.8631582,114.27004,9
5/6/2023 14:20,30.11946436,115.05806,10
5/6/2023 14:25,28.75125098,109.02842,10
5/6/2023 14:30,28.43225098,99.19,11
5/6/2023 14:35,34.40861475,102.50932,10
5/6/2023 14:40,32.78086768,104.68887,11
5/6/2023 14:45,41.15024219,100.02014,13
5/6/2023 14:50,43.69718652,90.75,12
5/6/2023 14:55,36.54068359,99.19,19
5/6/2023 15:00,37.36486816,110.75,11
5/6/2023 15:05,26.59412793,104.95772,13
5/6/2023 15:10,23.11240576,110.75,11
5/6/2023 15:15,26.13137402,110.75,4
5/6/2023 15:20,23.69619189,100.90773,3
5/6/2023 15:25,20.83087231,108.12246,5
5/6/2023 15:30,24.03942773,110.75,7
5/6/2023 15:35,31.47227783,86.21094,7
5/6/2023 15:40,24.84250098,96.17895,7
5/6/2023 15:45,32.65665039,105.00625,5
5/6/2023 15:50,32.88854492,104.2393,4
5/6/2023 15:55,31.21096631,90.75,5
5/6/2023 16:00,26.57440186,110.75,4
5/6/2023 16:05,27.83775439,100.53011,4
5/6/2023 16:10,26.15993213,86.21094,5
5/6/2023 16:15,26.12642725,87.49,4
5/6/2023 16:20,31.10926855,87.49,4
5/6/2023 16:25,28.77815918,156.38322,2
5/6/2023 16:30,32.23833301,144.01,1
5/6/2023 16:35,24.9589624,100.53011,1
5/6/2023 16:40,25.65089063,104.58264,1
5/6/2023 16:45,28.64276123,105.60709,0
5/6/2023 16:50,32.95929785,115.6,0
5/6/2023 16:55,22.78711816,144.01,0
5/6/2023 17:00,28.63537061,144.01,0
5/6/2023 17:05,29.63427295,110.70373,0
5/6/2023 17:10,27.60453735,144.01,0
5/6/2023 17:15,30.95948291,189.98,0
5/6/2023 17:20,40.1479834,144.01,0
5/6/2023 17:25,36.65646875,174.88343,0
5/6/2023 17:30,36.08475879,194.01,0
5/6/2023 17:35,35.0784209,250.85444,0
5/6/2023 17:40,31.37954248,295.11,0
5/6/2023 17:45,33.07707813,282.96009,0
5/6/2023 17:50,33.44516406,209.20778,0
5/6/2023 17:55,32.42912793,295.01,0
5/6/2023 18:00,34.75225293,366.75006,0